{
    "00:30": 0,
    "01:00": 0,
    "01:30": 0,
    "02:00": 0,
    "02:30": 0,
    "03:00": 0,
    "03:30": 0,
    "04:00": 0,
    "04:30": 0,
    "05:00": 0,
    "05:12": 5.955048714977011,
    "05:26": 16.826940821769313,
    "05:19": 17.743345520426146,
    "05:39": 15.903154267081845,
    "05:50": 29.501060350891294,
    "05:54": 34.94043369458723,
    "06:00": 19.506554560879977,
    "06:12": 27.658759995824084,
    "06:20": 92.07705392234925,
    "06:24": 130.1837765786363,
    "06:35": 141.05988688887464,
    "06:43": 144.67963272102588,
    "06:49": 127.43034427921953,
    "06:51": 151.02117432674845,
    "06:55": 184.59174645222743,
    "06:56": 206.3682217425187,
    "07:02": 191.84231090057597,
    "07:06": 180.0397776584964,
    "07:10": 157.34953404670182,
    "07:12": 109.25252380384904,
    "07:18": 112.87490601315449,
    "07:15": 158.25064775786655,
    "07:20": 169.13308537327407,
    "07:23": 135.55460411633385,
    "07:26": 309.7795883244348,
    "07:30": 309.7743155701271,
    "07:35": 263.48796915649655,
    "07:33": 309.7706246421119,
    "07:34": 157.31895207171783,
    "07:39": 111.9405739498518,
    "07:45": 116.47039717549092,
    "07:50": 115.55610157855722,
    "07:51": 184.52056426907507,
    "07:55": 272.538124650021,
    "08:00": 147.3038825399069,
    "08:03": 142.76298653022172,
    "08:05": 174.52131300018664,
    "08:15": 140.0253724937279,
    "08:23": 149.09081897474448,
    "08:27": 162.69663419001517,
    "08:28": 128.21282101846418,
    "08:33": 120.03952456628963,
    "08:36": 134.55488989961736,
    "08:42": 145.4362729641632,
    "08:48": 160.85538838580965,
    "08:56": 142.69654982594648,
    "09:02": 133.61475780657656,
    "09:07": 131.7930211933085,
    "09:14": 121.80220633131262,
    "09:19": 105.4624680075633,
    "09:25": 92.75091192285777,
    "09:31": 83.66911990348763,
    "09:40": 80.0277557786751,
    "09:50": 78.19969186023809,
    "09:58": 72.74555480448112,
    "10:10": 70.91590905975204,
    "10:18": 71.81227729204011,
    "10:25": 92.67498426082852,
    "10:27": 628.0630747961291,
    "10:30": 634.4109437070205,
    "10:37": 644.3843584798016,
    "10:46": 665.2444290714365,
    "10:50": 682.4800083520428,
    "10:58": 696.9895736556322,
    "11:06": 694.2567050980152,
    "11:09": 157.95537351664234,
    "11:11": 100.78395311045051,
    "11:17": 128.9077700362027,
    "11:21": 110.75314967978557,
    "11:27": 118.91326424619137,
    "11:34": 107.10756735152722,
    "11:42": 123.43148741235382,
    "11:45": 121.61185990080912,
    "11:51": 142.47667597132045,
    "11:52": 164.25315126161195,
    "11:57": 192.37802273822558,
    "12:06": 187.82974487251,
    "12:13": 193.26542728819072,
    "12:16": 231.37320449533945,
    "12:18": 268.57670433873864,
    "12:21": 248.60825650051515,
    "12:24": 225.01162642324812,
    "12:25": 187.80549020269518,
    "12:27": 117.92989556782823,
    "12:30": 91.60988789069802,
    "12:34": 68.91858972804175,
    "12:40": 52.57726957800014,
    "12:49": 36.231731224512714,
    "12:56": 16.26011973370487,
    "13:04": 0,
    "13:14": 0,
    "13:28": 9.866905135768093,
    "13:30": 34.36517619963047,
    "13:36": 67.9331119479557,
    "13:40": 89.70747813652429,
    "13:46": 115.10844473784391,
    "13:45": 158.66666807273464,
    "13:50": 188.60589430658547,
    "13:51": 301.12752578113214,
    "13:53": 546.133436538711,
    "13:55": 861.0133601048645,
    "13:58": 816.5450593764863,
    "14:02": 352.83742727553636,
    "14:06": 381.87079431934546,
    "14:08": 325.6068149294874,
    "14:10": 266.6205124906278,
    "14:11": 256.63655220923124,
    "14:16": 201.27685018312286,
    "14:18": 178.5887156730514,
    "14:19": 82.39838611536152,
    "14:27": 62.424665522830765,
    "14:35": 78.74911285908752,
    "14:40": 107.78089807660467,
    "14:41": 139.53922454656936,
    "14:46": 163.12636366608285,
    "14:49": 190.34590322808572,
    "14:53": 212.11974214122324,
    "15:00": 241.1483637061558,
    "15:03": 288.33160562750504,
    "15:07": 234.78836746035677,
    "15:10": 202.11679994431984,
    "15:11": 170.3547825463395,
    "15:16": 144.03266576748615,
    "15:20": 181.2330019583012,
    "15:26": 182.13306111860425,
    "15:34": 178.4927515446534,
    "15:39": 235.6546809930917,
    "15:41": 126.75912265586521,
    "15:47": 110.41832978125444,
    "15:53": 107.68809760079125,
    "15:57": 134.90605533650205,
    "16:01": 158.4947762823076,
    "16:02": 198.42112645013935,
    "16:09": 298.23067456454964,
    "16:14": 248.31456408558324,
    "16:16": 163.0135267239009,
    "16:17": 114.91704375647896,
    "16:28": 98.5693963012684,
    "16:41": 89.4791678750064,
    "16:38": 112.16941148680075,
    "16:42": 56.81023673612299,
    "16:43": 36.84495255048387,
    "16:49": 17.780782076010155,
    "16:55": 6.884635299402817,
    "17:11": 5.049716800366241,
    "17:23": 6.84878057011133,
    "17:37": 14.998349627901916,
    "17:47": 37.67172042591187,
    "17:53": 55.81315889656025,
    "17:56": 80.30984813413033,
    "17:59": 94.82521346745807,
    "18:09": 89.36844003454712,
    "18:15": 71.21171057640709,
    "18:37": 36.70100635788708,
    "18:47": 19.447499712634908,
    "18:25": 47.60506226595544,
    "18:58": 51.1936988476923,
    "19:04": 50.278875975327765,
    "19:12": 61.15814993815093,
    "19:20": 66.59277780296998,
    "19:28": 57.50782213101547,
    "19:36": 35.719219505816454,
    "19:49": 17.554580916215173,
    "19:58": 7.560602401634014,
    "20:09": 6.639979499531137,
    "20:19": 2.9970335484265433,
    "20:33": 0,
    "21:00": 0,
    "21:30": 0,
    "22:00": 0,
    "22:30": 0,
    "23:00": 0,
    "23:30": 0
}