{
    "00:00": 0,
    "00:30": 0,
    "01:00": 0,
    "01:30": 0,
    "02:00": 0,
    "02:30": 0,
    "03:00": 0,
    "03:30": 0,
    "04:00": 0,
    "04:30": 0,
    "05:00": 0,
    "05:30": 11.633109619686707,
    "06:00": 32.885906040268424,
    "06:30": 60.85011185682322,
    "07:00": 104.47427293064868,
    "07:30": 157.04697986577173,
    "08:00": 211.85682326621924,
    "08:30": 267.78523489932877,
    "09:00": 322.5950782997762,
    "09:30": 371.8120805369127,
    "10:00": 416.55480984340045,
    "10:30": 454.586129753915,
    "11:00": 487.0246085011185,
    "11:30": 511.63310961968676,
    "12:00": 527.2930648769575,
    "12:30": 536.241610738255,
    "13:00": 536.241610738255,
    "13:30": 527.2930648769575,
    "14:00": 511.63310961968676,
    "14:30": 487.0246085011185,
    "15:00": 456.8232662192394,
    "15:30": 416.55480984340045,
    "16:00": 371.8120805369127,
    "16:30": 321.4765100671141,
    "17:00": 266.6666666666666,
    "17:30": 211.85682326621924,
    "18:00": 155.9284116331096,
    "18:30": 104.47427293064868,
    "19:00": 60.85011185682322,
    "19:30": 34.004474272930565,
    "20:00": 0,
    "20:30": 0,
    "21:00": 0,
    "21:30": 0,
    "22:00": 0,
    "22:30": 0,
    "23:00": 0,
    "23:30": 0
}