{
    "00:30": 0,
    "01:00": 0,
    "01:30": 0,
    "02:00": 0,
    "02:30": 0,
    "03:00": 0,
    "03:30": 0,
    "04:00": 0,
    "04:30": 0,
    "05:00": 0,
    "05:30": 0,
    "06:00": 0,
    "06:30": 0,
    "07:00": 0,
    "07:30": 0,
    "08:00": 0,
    "08:30": 0.447427293064834,
    "09:30": 67.56152125279641,
    "10:30": 160.40268456375833,
    "11:30": 205.14541387024605,
    "12:30": 224.16107382550325,
    "13:30": 217.44966442953017,
    "14:30": 185.01118568232653,
    "15:30": 127.96420581655474,
    "16:30": 22.818791946308693,
    "17:30": 0.447427293064834,
    "18:30": 0.447427293064834,
    "19:00": 0,
    "19:30": 0,
    "20:00": 0,
    "20:30": 0,
    "21:00": 0,
    "21:30": 0,
    "22:00": 0,
    "22:30": 0,
    "23:00": 0,
    "23:30": 0
}