{
    "12:00:00": 30,
    "12:00:10": 30,
    "12:00:20": 30,
    "12:00:30": 30,
    "12:00:40": 30,
    "12:00:50": 30,
    "12:01:00": 30,
    "12:01:10": 30,
    "12:01:20": 30,
    "12:01:30": 30,
    "12:01:40": 30,
    "12:01:50": 30,
    "12:02:00": 30,
    "12:02:10": 30,
    "12:02:20": 30,
    "12:02:30": 30,
    "12:02:40": 30,
    "12:02:50": 30,
    "12:03:00": 30,
    "12:03:10": 30,
    "12:03:20": 30,
    "12:03:30": 30,
    "12:03:40": 30,
    "12:03:50": 30,
    "12:04:00": 30,
    "12:04:10": 30,
    "12:04:20": 30,
    "12:04:30": 30,
    "12:04:40": 30,
    "12:04:50": 30,
    "12:05:00": 30,
    "12:05:10": 30,
    "12:05:20": 30,
    "12:05:30": 30,
    "12:05:40": 30,
    "12:05:50": 30,
    "12:06:00": 30,
    "12:06:10": 30,
    "12:06:20": 30,
    "12:06:30": 30,
    "12:06:40": 30,
    "12:06:50": 30,
    "12:07:00": 30,
    "12:07:10": 30,
    "12:07:20": 30,
    "12:07:30": 30,
    "12:07:40": 30,
    "12:07:50": 30,
    "12:08:00": 30,
    "12:08:10": 30,
    "12:08:20": 30,
    "12:08:30": 30,
    "12:08:40": 30,
    "12:08:50": 30,
    "12:09:00": 30,
    "12:09:10": 30,
    "12:09:20": 30,
    "12:09:30": 30,
    "12:09:40": 30,
    "12:09:50": 30,
    "12:10:00": 29.892421859707724,
    "12:10:10": 30.515839779277712,
    "12:10:20": 29.30998989332727,
    "12:10:30": 29.933168128960574,
    "12:10:40": 30.556346364593878,
    "12:10:50": 875.6912551315664,
    "12:11:00": 874.4851655616792,
    "12:11:10": 876.3276159837227,
    "12:11:20": 872.0732261058417,
    "12:11:30": 873.3061602766485,
    "12:11:40": 873.9295781962185,
    "12:11:50": 871.5046958077947,
    "12:12:00": 872.1285930952383,
    "12:12:10": 875.1893569679448,
    "12:12:20": 881.9115326589337,
    "12:12:30": 888.0229936790018,
    "12:12:40": 891.6937531708187,
    "12:12:50": 891.0978989039786,
    "12:13:00": 897.2095996079835,
    "12:13:10": 897.83253815968,
    "12:13:20": 898.4557163953133,
    "12:13:30": 894.8110824526058,
    "12:13:40": 894.8245047530655,
    "12:13:50": 892.3984239449578,
    "12:14:00": 886.3145265776195,
    "12:14:10": 882.0598970158018,
    "12:14:20": 877.8047880861104,
    "12:14:30": 877.8189294383806,
    "12:14:40": 879.052103293124,
    "12:14:50": 886.9918733829655,
    "12:15:00": 901.6403968633362,
    "12:15:10": 906.531626961247,
    "12:15:20": 907.1552845647539,
    "12:15:30": 907.7789421682606,
    "12:15:40": 907.7911660490365,
    "12:15:50": 906.5850764791494,
    "12:16:00": 906.5999368832299,
    "12:16:10": 905.3936076294059,
    "12:16:20": 906.6267814841494,
    "12:16:30": 912.7377631363441
}