{
    "00:30": 15.48177297039338,
    "01:00": 15.276891021398228,
    "01:30": 15.084067177411619,
    "02:00": 14.879175606948273,
    "02:30": 14.625960212502953,
    "03:00": 14.44523295939765,
    "03:30": 14.119510180675945,
    "04:00": 13.938792549038823,
    "04:30": 13.927220328173853,
    "05:00": 13.710236977563298,
    "05:30": 13.73490161126719,
    "06:00": 13.9770402904593,
    "06:30": 14.666228462243232,
    "07:00": 15.379585762119298,
    "07:30": 15.972111853737012,
    "08:00": 16.56463794535471,
    "08:30": 17.181323543596363,
    "09:00": 17.65303766989208,
    "09:30": 18.16100308295895,
    "10:00": 18.644780124997304,
    "10:30": 19.17690985542221,
    "11:00": 19.551961901551696,
    "11:30": 19.878675691496927,
    "12:00": 20.181225164084125,
    "12:30": 20.47171172092868,
    "13:00": 20.689671650560467,
    "13:30": 20.907650823128634,
    "14:00": 21.05316109729317,
    "14:30": 21.126154365713134,
    "15:00": 21.174983316775062,
    "15:30": 21.151324126496974,
    "16:00": 21.163901790787754,
    "16:30": 21.0919187765277,
    "17:00": 20.923278492835497,
    "17:30": 20.65796650750888,
    "18:00": 20.501413193229798,
    "18:30": 20.10317821949761,
    "19:00": 19.765402146501454,
    "19:30": 19.42760201983483,
    "20:00": 19.15020787582919,
    "20:30": 18.993644940081907,
    "21:00": 18.788758180352666,
    "21:30": 18.547610512384082,
    "22:00": 18.40312973531583,
    "22:30": 18.14991434087051,
    "23:00": 17.848370311709118,
    "23:30": 17.09976716848771,
    "00:00": 16.266603346715463
}