{
    "00:30": 3.0412306140461487,
    "01:00": 3.0412306140461487,
    "01:30": 2.224183583406884,
    "02:00": 2.23174883369058,
    "02:30": 1.5206153070230752,
    "03:00": 1.5206153070230752,
    "03:30": 1.2104400453915012,
    "04:00": 1.2104400453915012,
    "04:30": 1.0151094859832692,
    "05:00": 1.0151094859832692,
    "05:30": 1.7243517000798532,
    "06:00": 1.7287297384384765,
    "06:30": 2.227826111321255,
    "07:00": 2.223448072962634,
    "07:30": 5.471952535059331,
    "08:00": 5.4807086117765715,
    "08:30": 11.1677804396251,
    "09:00": 11.16340240126648,
    "09:30": 9.33776040572157,
    "10:00": 9.34213844408019,
    "10:30": 7.50774037181804,
    "11:00": 7.50336233345942,
    "11:30": 6.995509883859397,
    "12:00": 6.999887922218019,
    "12:30": 6.189950825873155,
    "13:00": 6.181194749155914,
    "13:30": 5.476330573417951,
    "14:00": 5.471952535059331,
    "14:30": 4.465003712576528,
    "15:00": 4.465003712576528,
    "15:30": 3.7513834601213225,
    "16:00": 3.755761498479944,
    "16:30": 3.8608344190868458,
    "17:00": 3.852078342369604,
    "17:30": 4.556942518107566,
    "18:00": 4.556942518107566,
    "18:30": 6.592730354866276,
    "19:00": 6.592730354866276,
    "19:30": 9.03129772061811,
    "20:00": 9.04005379733535,
    "20:30": 8.431506465487047,
    "21:00": 8.418372350411184,
    "21:30": 7.50336233345942,
    "22:00": 7.50774037181804,
    "22:30": 6.281889631404194,
    "23:00": 6.281889631404194,
    "23:30": 5.274940808921391,
    "00:00": 5.274940808921391
}