{
    "00:00": 0,
    "00:30": 0,
    "01:00": 0,
    "01:30": 0,
    "02:00": 0,
    "02:30": 0,
    "03:00": 0,
    "03:30": 0,
    "04:00": 0,
    "04:30": 0,
    "05:00": 0,
    "05:30": 0.447427293064834,
    "06:30": 42.953020134228154,
    "07:30": 135.79418344519007,
    "08:30": 245.41387024608503,
    "09:30": 346.0850111856823,
    "10:30": 427.7404921700223,
    "11:30": 480.3131991051454,
    "12:30": 504.92170022371363,
    "13:30": 495.97315436241604,
    "14:30": 456.8232662192394,
    "15:30": 389.7091722595078,
    "16:30": 297.986577181208,
    "17:30": 190.60402684563752,
    "18:30": 84.34004474272922,
    "19:30": 25.05592841163309,
    "20:30": -0.6711409395973078,
    "21:00": 0,
    "21:30": 0,
    "22:00": 0,
    "22:30": 0,
    "23:00": 0,
    "23:30": 0
}