{
    "00:00": 0,
    "00:30": 0,
    "01:00": 0,
    "01:30": 0,
    "02:00": 0,
    "02:30": 0,
    "03:00": 0,
    "03:30": 0,
    "04:00": 0,
    "04:30": 0,
    "05:00": 0,
    "05:30": 0.447427293064834,
    "06:00": 11.966017226153895,
    "06:30": 43.62929925303922,
    "07:00": 85.5433950872955,
    "07:30": 136.50305842025938,
    "08:00": 189.72397893888228,
    "08:30": 245.35661652044877,
    "09:00": 298.125128872901,
    "09:30": 346.974141830964,
    "10:00": 389.79285808626327,
    "10:30": 427.6366518040736,
    "11:00": 457.7922004773378,
    "11:30": 480.8619313490892,
    "12:00": 496.2437600210669,
    "12:30": 503.48424979278286,
    "13:00": 503.7910958641328,
    "13:30": 496.5592261895529,
    "14:00": 480.8857835496873,
    "14:30": 457.52399790962636,
    "15:00": 427.07614957892935,
    "15:30": 389.8446276469044,
    "16:00": 346.43230015700647,
    "16:30": 297.89410047408893,
    "17:00": 245.58744900796222,
    "17:30": 190.26547776806734,
    "18:00": 136.14963443767977,
    "18:30": 84.59655578141576,
    "19:00": 44.651368497561066,
    "19:30": 25.05837748548163,
    "20:00": 2.298480332382951,
    "20:30": 0,
    "21:00": 0,
    "21:30": 0,
    "22:00": 0,
    "22:30": 0,
    "23:00": 0,
    "23:30": 0
}