{
    "02:30": 5.985267034990795,
    "03:00": 5.478821362799263,
    "00:30": 8.011049723756905,
    "01:00": 7.2744014732965,
    "01:30": 6.9981583793738515,
    "02:00": 6.491712707182323,
    "03:30": 5.294659300184165,
    "04:00": 5.110497237569064,
    "04:30": 5.018416206261509,
    "05:00": 5.110497237569064,
    "05:30": 5.3867403314917155,
    "06:00": 5.6169429097605885,
    "06:30": 6.2615101289134465,
    "07:00": 6.860036832412526,
    "07:30": 7.458563535911605,
    "08:00": 8.011049723756905,
    "08:30": 8.563535911602209,
    "09:00": 9.116022099447516,
    "09:30": 9.622467771639045,
    "10:00": 9.990791896869247,
    "10:30": 10.497237569060774,
    "11:00": 10.819521178637203,
    "11:30": 11.187845303867404,
    "12:00": 11.510128913443832,
    "12:30": 11.740331491712709,
    "13:00": 11.740331491712709,
    "13:30": 12.154696132596687,
    "14:00": 12.246777163904238,
    "14:30": 12.292817679558013,
    "15:00": 12.292817679558013,
    "15:30": 12.292817679558013,
    "16:00": 12.200736648250462,
    "16:30": 12.062615101289136,
    "17:00": 11.83241252302026,
    "17:30": 11.556169429097608,
    "18:00": 11.187845303867404,
    "18:30": 10.819521178637203,
    "19:00": 10.313075506445674,
    "19:30": 9.898710865561696,
    "20:00": 9.714548802946595,
    "20:30": 9.484346224677719,
    "21:00": 9.300184162062617,
    "21:30": 9.116022099447516,
    "22:00": 8.88581952117864,
    "22:30": 8.701657458563538,
    "23:00": 8.517495395948433,
    "23:30": 8.28729281767956,
    "00:00": 8.10313075506446
}