{
    "00:30": 0,
    "01:00": 0,
    "01:30": 0,
    "02:00": 0,
    "02:30": 0,
    "03:00": 0,
    "03:30": 0,
    "04:00": 0,
    "04:30": 0,
    "04:45": 3.6085514190931463,
    "04:51": 7.172871360117824,
    "04:56": 0.8993733873937799,
    "05:02": 13.4021378547734,
    "05:12": 27.68276201007461,
    "05:17": 21.408035385182075,
    "05:23": 30.33419338985118,
    "05:30": 25.84224106155534,
    "05:37": 34.764713109718514,
    "05:44": 44.58410124093848,
    "05:50": 44.56567145840995,
    "05:56": 54.38751689396736,
    "06:04": 65.99090797395229,
    "06:08": 82.07765081705361,
    "06:11": 93.6982430273988,
    "06:15": 117.83634353114621,
    "06:18": 128.5600196584346,
    "06:20": 146.4430519719865,
    "06:24": 149.1165990907973,
    "06:27": 117.80071261825765,
    "06:32": 134.78191424007855,
    "06:38": 163.38616537658186,
    "06:39": 200.05651799975408,
    "06:43": 166.05234058238102,
    "06:44": 277.8584592701807,
    "06:49": 294.83966089200135,
    "06:57": 312.70426342302494,
    "07:04": 328.7824057009459,
    "07:11": 345.7574640619239,
    "07:21": 372.5617397714707,
    "07:29": 394.00417741737306,
    "07:36": 408.2946307900231,
    "07:48": 437.7749109227177,
    "07:53": 450.28381865094,
    "07:57": 460.1105786951714,
    "07:58": 511.98550190441097,
    "08:00": 512.8725887701193,
    "08:03": 494.0815825039932,
    "08:08": 497.6434451406807,
    "08:18": 499.40410369824303,
    "08:19": 514.606216979973,
    "08:24": 444.82245976164154,
    "08:28": 446.5990907973953,
    "08:27": 545.8877011917926,
    "08:29": 568.2405700946063,
    "08:30": 582.5506819019536,
    "08:33": 585.2266863251014,
    "08:36": 575.3765818896671,
    "08:40": 590.5725519105542,
    "08:45": 590.5553507801942,
    "08:50": 546.7145841012409,
    "08:52": 538.6558545275832,
    "08:54": 563.6957857230619,
    "08:51": 599.4839660892003,
    "08:55": 602.1538272515052,
    "08:58": 595.8852438874555,
    "09:03": 614.6541344145473,
    "09:06": 600.3341933898513,
    "09:09": 611.9535569480281,
    "09:12": 634.3039685465045,
    "09:17": 643.2350411598477,
    "09:26": 622.635458901585,
    "09:31": 579.6866936970143,
    "09:39": 627.9628947045093,
    "09:33": 671.8073473399683,
    "09:37": 675.3753532374985,
    "09:41": 665.522791497727,
    "09:45": 686.9775156653153,
    "09:46": 706.6531514928124,
    "09:53": 719.1534586558547,
    "09:58": 731.6611377319083,
    "10:03": 742.3786705983537,
    "10:08": 694.9576115001844,
    "10:09": 763.8297088094362,
    "10:11": 686.9013392308639,
    "10:17": 729.8181594790516,
    "10:19": 723.5495761150019,
    "10:26": 707.4272023590123,
    "10:25": 636.7674161444896,
    "10:34": 606.3312446246468,
    "10:35": 668.9421304828604,
    "10:39": 685.0276446737929,
    "10:43": 702.9069910308392,
    "10:49": 695.7328910185528,
    "10:57": 694.8150878486302,
    "11:06": 689.4213048286031,
    "11:12": 708.1877380513578,
    "11:16": 711.753286644551,
    "11:24": 708.1508784863006,
    "11:30": 708.1324487037721,
    "11:38": 713.4770856370562,
    "11:45": 699.1448580906746,
    "11:56": 691.9560142523653,
    "12:02": 679.4163902199289,
    "12:08": 680.2911905639514,
    "12:15": 668.6435680058977,
    "12:20": 649.8451898267601,
    "12:23": 648.9409018306919,
    "12:32": 639.9692836957859,
    "12:41": 633.6822705492076,
    "12:49": 622.9254208133679,
    "12:57": 606.7993611008725,
    "13:02": 599.6301756972601,
    "13:06": 581.7299422533482,
    "13:11": 570.9816930826885,
    "13:19": 555.7513208010814,
    "13:21": 515.4920751935127,
    "13:25": 547.6839906622436,
    "13:30": 553.928000982922,
    "13:36": 520.8145963877627,
    "13:43": 518.1115616169064,
    "13:51": 503.7756481140191,
    "13:55": 479.6154318712373,
    "14:00": 464.3936601548103,
    "14:08": 445.5879100626614,
    "14:09": 420.53814964983417,
    "14:11": 393.69824302739903,
    "14:12": 365.0767907605359,
    "14:17": 355.21808575992145,
    "14:18": 365.0559036736702,
    "14:24": 387.3989433591353,
    "14:32": 398.1103329647376,
    "14:40": 381.08981447352267,
    "14:39": 365.88647253962404,
    "14:41": 344.4157758938445,
    "14:43": 339.9361100872345,
    "14:48": 340.8170536921,
    "14:54": 327.3829708809435,
    "14:58": 303.21661137731917,
    "14:59": 255.809067453004,
    "15:05": 291.5714461236025,
    "15:08": 245.05098906499575,
    "15:10": 287.0844084039809,
    "15:13": 214.62218945816448,
    "15:21": 250.37719621575138,
    "15:15": 183.31121759429902,
    "15:25": 195.8041528443298,
    "15:30": 219.0441086128517,
    "15:37": 185.9307040176925,
    "15:43": 175.1775402383587,
    "15:52": 155.4724167588156,
    "15:58": 128.62268091903184,
    "16:03": 110.7187615186142,
    "16:11": 104.43297702420432,
    "16:18": 80.26170291190579,
    "16:21": 63.2571568988817,
    "16:29": 47.134783142892275,
    "16:44": 30.990293647868384,
    "16:51": 12.185772207888022,
    "17:01": 4.1049268951960585,
    "17:10": 0,
    "17:20": 0,
    "18:00": 0,
    "18:30": 0,
    "19:00": 0,
    "19:30": 0,
    "20:00": 0,
    "20:30": 0,
    "21:00": 0,
    "21:30": 0,
    "22:00": 0,
    "22:30": 0,
    "23:00": 0,
    "23:30": 0
}