{
    "00:30": 0,
    "01:00": 0,
    "01:30": 0,
    "02:00": 0,
    "02:30": 0,
    "03:00": 0,
    "03:30": 0,
    "04:00": 0,
    "04:20:16": -13.30507433345656,
    "04:28:31": -8.85735348322919,
    "04:37:09": -0.8330261702913049,
    "04:47:27": 3.6085514190931463,
    "04:51:58": 7.172871360117824,
    "04:56:06": 0.8993733873937799,
    "05:02:41": 13.4021378547734,
    "05:12:57": 27.68276201007461,
    "05:17:30": 21.408035385182075,
    "05:23:40": 30.33419338985118,
    "05:30:16": 25.84224106155534,
    "05:37:40": 34.764713109718514,
    "05:44:15": 44.58410124093848,
    "05:50:26": 44.56567145840995,
    "05:56:11": 54.38751689396736,
    "06:04:24": 65.99090797395229,
    "06:08:55": 82.07765081705361,
    "06:11:22": 93.6982430273988,
    "06:15:27": 117.83634353114621,
    "06:18:43": 128.5600196584346,
    "06:20:45": 146.4430519719865,
    "06:24:03": 149.1165990907973,
    "06:27:24": 117.80071261825765,
    "06:31:54": 134.78191424007855,
    "06:38:02": 163.38616537658186,
    "06:38:48": 200.05651799975408,
    "06:43:48": 166.05234058238102,
    "06:44:02": 277.8584592701807,
    "06:48:32": 294.83966089200135,
    "06:56:45": 312.70426342302494,
    "07:04:08": 328.7824057009459,
    "07:10:42": 345.7574640619239,
    "07:20:33": 372.5617397714707,
    "07:28:45": 394.00417741737306,
    "07:35:44": 408.2946307900231,
    "07:48:03": 437.7749109227177,
    "07:52:34": 450.28381865094,
    "07:56:40": 460.1105786951714,
    "07:57:49": 511.98550190441097,
    "08:00:17": 512.8725887701193,
    "08:02:47": 494.0815825039932,
    "08:08:08": 497.6434451406807,
    "08:17:37": 499.40410369824303,
    "08:18:50": 514.606216979973,
    "08:24:18": 444.82245976164154,
    "08:28:25": 446.5990907973953,
    "08:27:01": 545.8877011917926,
    "08:29:52": 568.2405700946063,
    "08:30:15": 582.5506819019536,
    "08:32:43": 585.2266863251014,
    "08:36:27": 575.3765818896671,
    "08:39:43": 590.5725519105542,
    "08:45:29": 590.5553507801942,
    "08:49:41": 546.7145841012409,
    "08:52:35": 538.6558545275832,
    "08:54:11": 563.6957857230619,
    "08:50:50": 599.4839660892003,
    "08:55:22": 602.1538272515052,
    "08:57:51": 595.8852438874555,
    "09:02:45": 614.6541344145473,
    "09:05:40": 600.3341933898513,
    "09:08:32": 611.9535569480281,
    "09:12:12": 634.3039685465045,
    "09:16:43": 643.2350411598477,
    "09:25:49": 622.635458901585,
    "09:30:50": 579.6866936970143,
    "09:39:00": 627.9628947045093,
    "09:33:34": 671.8073473399683,
    "09:36:52": 675.3753532374985,
    "09:41:25": 665.522791497727,
    "09:45:30": 686.9775156653153,
    "09:46:17": 706.6531514928124,
    "09:53:41": 719.1534586558547,
    "09:58:36": 731.6611377319083,
    "10:03:57": 742.3786705983537,
    "10:09:16": 763.8297088094362,
    "10:08:58": 694.9576115001844,
    "10:11:03": 686.9013392308639,
    "10:16:45": 729.8181594790516,
    "10:19:13": 723.5495761150019,
    "10:26:40": 707.4272023590123,
    "10:25:58": 636.7674161444896,
    "10:34:15": 606.3312446246468,
    "10:34:34": 668.9421304828604,
    "10:39:29": 685.0276446737929,
    "10:42:45": 702.9069910308392,
    "10:48:56": 695.7328910185528,
    "10:56:46": 694.8150878486302,
    "11:05:51": 689.4213048286031,
    "11:11:35": 708.1877380513578,
    "11:15:42": 711.753286644551,
    "11:23:57": 708.1508784863006,
    "11:30:08": 708.1324487037721,
    "11:37:32": 713.4770856370562,
    "11:44:34": 699.1448580906746,
    "11:55:42": 691.9560142523653,
    "12:01:30": 679.4163902199289,
    "12:08:05": 680.2911905639514,
    "12:14:42": 668.6435680058977,
    "12:19:41": 649.8451898267601,
    "12:22:58": 648.9409018306919,
    "12:32:03": 639.9692836957859,
    "12:40:43": 633.6822705492076,
    "12:48:34": 622.9254208133679,
    "12:57:15": 606.7993611008725,
    "13:01:48": 599.6301756972601,
    "13:05:32": 581.7299422533482,
    "13:10:30": 570.9816930826885,
    "13:18:46": 555.7513208010814,
    "13:21:43": 515.4920751935127,
    "13:24:33": 547.6839906622436,
    "13:30:18": 553.928000982922,
    "13:36:32": 520.8145963877627,
    "13:43:08": 518.1115616169064,
    "13:51:24": 503.7756481140191,
    "13:54:44": 479.6154318712373,
    "14:00:07": 464.3936601548103,
    "14:07:34": 445.5879100626614,
    "14:09:15": 420.53814964983417,
    "14:11:22": 393.69824302739903,
    "14:11:00": 365.0767907605359,
    "14:17:36": 355.21808575992145,
    "14:18:00": 365.0559036736702,
    "14:24:09": 387.3989433591353,
    "14:31:33": 398.1103329647376,
    "14:40:14": 381.08981447352267,
    "14:39:26": 365.88647253962404,
    "14:40:42": 344.4157758938445,
    "14:43:11": 339.9361100872345,
    "14:47:43": 340.8170536921,
    "14:53:30": 327.3829708809435,
    "14:58:54": 303.21661137731917,
    "14:59:23": 255.809067453004,
    "15:04:41": 291.5714461236025,
    "15:07:39": 245.05098906499575,
    "15:09:39": 287.0844084039809,
    "15:13:28": 214.62218945816448,
    "15:21:14": 250.37719621575138,
    "15:15:10": 183.31121759429902,
    "15:25:02": 195.8041528443298,
    "15:30:22": 219.0441086128517,
    "15:36:36": 185.9307040176925,
    "15:43:12": 175.1775402383587,
    "15:52:18": 155.4724167588156,
    "15:57:42": 128.62268091903184,
    "16:02:41": 110.7187615186142,
    "16:10:56": 104.43297702420432,
    "16:17:59": 80.26170291190579,
    "16:21:18": 63.2571568988817,
    "16:28:45": 47.134783142892275,
    "16:43:36": 30.990293647868384,
    "16:50:39": 12.185772207888022,
    "17:00:58": 4.1049268951960585,
    "17:10:28": 0,
    "18:00": 0,
    "18:30": 0,
    "19:00": 0,
    "19:30": 0,
    "20:00": 0,
    "20:30": 0,
    "21:00": 0,
    "21:30": 0,
    "22:00": 0,
    "22:30": 0,
    "23:00": 0,
    "23:30": 0
}