{
    "00:30": 14.771018300631303,
    "01:00": 14.339289785573717,
    "01:30": 13.953817897129444,
    "02:00": 13.753372515138421,
    "02:30": 13.583764884222942,
    "03:00": 13.352481751156379,
    "03:30": 13.152036369165357,
    "04:00": 12.936172111636564,
    "04:30": 12.951590987174335,
    "05:00": 13.121198618089815,
    "05:30": 13.321644000080836,
    "06:00": 13.737953639600653,
    "06:30": 14.447221914338114,
    "07:00": 15.218165691226659,
    "07:30": 15.850339588275267,
    "08:00": 16.55960786301273,
    "08:30": 17.130106257910253,
    "09:00": 17.76228015495886,
    "09:30": 18.286521923243072,
    "10:00": 18.826182567065054,
    "10:30": 19.304167708735953,
    "11:00": 19.730756598614278,
    "11:30": 20.116228487058553,
    "12:00": 20.488851312554683,
    "12:30": 20.784379760361958,
    "13:00": 21.002813830480378,
    "13:30": 21.25979508944323,
    "14:00": 21.362587593028366,
    "14:30": 21.47822915956165,
    "15:00": 21.529625411354218,
    "15:30": 21.529625411354218,
    "16:00": 21.413983844820937,
    "16:30": 21.25979508944323,
    "17:00": 21.06705914522109,
    "17:30": 20.83577601215453,
    "18:00": 20.488851312554683,
    "18:30": 20.05198317231784,
    "19:00": 19.57656784323657,
    "19:30": 19.25534126953301,
    "20:00": 18.92126563288131,
    "20:30": 18.433001240851894,
    "21:00": 17.931887785874338,
    "21:30": 17.421137533685677,
    "22:00": 16.921451752369027,
    "22:30": 16.448534852194342,
    "23:00": 15.948849070877689,
    "23:30": 15.449163289561039,
    "00:00": 14.967323429005699
}