{
    "00:06:14.147": 31.068229732640248,
    "00:40:46.709": 34.60151737505839,
    "00:42:58.853": 216.3440888756304,
    "00:46:38.218": 231.78553745129193,
    "00:49:01.260": 391.2402897635766,
    "01:05:06.249": 388.7171210829947,
    "01:08:34.034": 202.70543300847112,
    "01:10:34.155": 37.26321079931495,
    "01:57:32.376": 33.97606672533675,
    "02:00:17.436": 221.72100919082095,
    "02:20:45.610": 220.0683309455817,
    "02:22:56.644": 37.4817597973024,
    "03:21:14.757": 36.80056811526538,
    "03:25:17.095": 394.28389204290124,
    "03:42:27.891": 395.1930148768806,
    "03:45:11.875": 229.7530002333615,
    "03:48:50.610": 38.598393801086786,
    "04:37:27.535": 38.745196915896486,
    "04:39:28.715": 221.34446156658487,
    "04:59:45.928": 221.40572151299057,
    "05:02:51.800": 41.39364494633537,
    "05:33:01.160": 38.05572686272262,
    "05:36:19.039": 200.0849737566332,
    "05:54:35.622": 198.42567281448555,
    "05:56:13.826": 38.12581707167283,
    "06:17:03.937": 38.188732692305166,
    "06:19:05.123": 222.50248742604708,
    "06:24:34.118": 228.5197594590063,
    "06:29:55.390": 1299.234821176727,
    "06:44:43.623": 1298.4222793393333,
    "06:46:11.395": 1312.9998601765606,
    "06:57:09.350": 1313.8902187026301,
    "06:59:28.656": 246.62731659019755,
    "07:00:56.383": 246.6317317214698,
    "07:03:18.302": 37.47111617727023,
    "07:45:20.460": 39.312541284408326,
    "07:46:16.370": 394.214747933509,
    "07:53:46.026": 412.23952135334184,
    "07:55:47.006": 528.8309178064737,
    "08:06:01.093": 528.0045786838546,
    "08:09:28.588": 246.83869099986714,
    "08:13:07.908": 247.70697386957363,
    "08:14:03.638": 543.4592726533338,
    "08:16:53.252": 2226.2395675413964,
    "08:30:02.801": 2227.993793805902,
    "08:30:53.639": 4517.697507289374,
    "08:35:38.752": 4517.7118564660095,
    "08:38:28.454": 2629.209860245218,
    "08:51:05.073": 2620.6754903371757,
    "08:52:36.893": 364.411508061562,
    "09:01:56.023": 321.5774024470893,
    "09:03:24.421": 541.893793250726,
    "09:07:36.683": 557.3368975006151,
    "09:15:50.135": 553.0755074063891,
    "09:07:47.116": 382.4594609205751,
    "09:20:34.838": 418.50238506333153,
    "09:27:31.502": 405.66468131397505,
    "09:27:52.935": 241.93198216519158,
    "09:34:05.777": 242.80799151462634,
    "09:36:06.950": 422.8355210407344,
    "09:43:04.213": 606.3069318009939,
    "09:57:08.588": 607.2066724810184,
    "09:48:10.730": 433.1588863720526,
    "09:58:13.819": 422.04505485970367,
    "09:58:13.263": 239.4518610145151,
    "10:07:21.518": 226.6207799620679,
    "10:10:50.413": 404.9382345363956,
    "10:23:48.262": 165.80605224048577,
    "10:32:45.418": 109.25492217876763,
    "10:36:46.670": 110.124308831294,
    "10:43:10.974": 273.8774279622121,
    "10:51:02.525": 279.9018745834883,
    "10:54:09.528": 471.0769009978976,
    "10:58:32.709": 471.0901463917153,
    "11:02:55.362": 297.9398933971379,
    "11:12:58.812": 405.1258776154755,
    "11:17:32.400": 221.68923601398546,
    "11:23:01.293": 194.27395142740352,
    "11:23:56.000": 153.9861939326929,
    "11:36:32.620": 145.4518240246507,
    "10:30:57.422": 655.3144947171904,
    "10:25:28.441": 653.583447891865,
    "11:39:34.322": 2196.848038660607,
    "11:51:49.065": 2206.3147108418075,
    "11:58:01.915": 2209.762455315822,
    "12:06:04.372": 2196.070817873394,
    "11:55:09.245": 3123.5768393207477,
    "12:07:14.585": 46.10411696427491,
    "12:14:12.064": 300.72686617125146,
    "12:18:02.065": 208.15599140595623,
    "12:19:19.004": 266.4525174696364,
    "12:27:54.267": 222.75895924799988,
    "12:28:48.553": 44.45475006748984,
    "12:35:34.293": 45.33241509115214,
    "12:37:24.493": 222.78765760127135,
    "12:58:14.603": 222.8505732219037,
    "12:59:08.866": 36.831158667652744,
    "13:04:26.876": 36.84716351851512,
    "13:20:31.890": 42.03920021167323,
    "13:42:05.874": 45.533303564048765,
    "13:30:57.436": 203.23272582901063,
    "13:21:49.142": 203.20513125855723,
    "13:44:17.942": 202.41576886034454,
    "13:46:29.844": 304.4345514989318,
    "14:05:30.233": 283.91806720883324,
    "14:01:40.210": 369.6309816419134,
    "14:08:58.036": 103.9070944249961,
    "13:02:22.057": 2259.67693350036,
    "14:23:35.309": 104.80849077924813,
    "14:33:16.576": 129.6978472282026,
    "14:36:44.928": 129.70833316497465,
    "14:38:45.289": 43.13265477627647,
    "15:04:53.400": 39.78259508166502,
    "15:08:00.370": 220.67068099775497,
    "15:12:01.667": 236.11323335623365,
    "15:14:13.767": 403.2826391508506,
    "15:27:56.208": 403.32403100652937,
    "15:31:34.948": 213.8839146573091,
    "15:33:24.090": 44.154915349111434,
    "15:39:15.001": 45.02982091572812,
    "15:47:50.496": 77.63107138996838,
    "15:49:29.398": 146.2156417347869,
    "16:17:49.115": 148.01567498624445,
    "16:18:44.500": 330.61162828847864,
    "16:28:03.805": 345.21294045629384,
    "16:30:11.203": 2568.9126489820733,
    "16:36:06.797": 507.25653652684105,
    "16:39:45.853": 421.54307020235046,
    "16:41:45.909": 234.66972195502876,
    "16:51:38.218": 284.4197364996671,
    "16:51:26.706": 105.25497092917612,
    "16:57:17.614": 105.27263145426605,
    "17:12:16.814": 104.46064150828079,
    "17:27:05.043": 101.93360958783524,
    "17:30:44.569": 170.52425073815357,
    "17:34:13.127": 238.25709495553474,
    "17:36:13.961": 306.84276908317133,
    "17:41:09.836": 239.9925569121324,
    "17:43:32.974": 431.1653757609065,
    "17:52:30.475": 487.7705911807125,
    "17:54:41.870": 423.4838357631179,
    "17:57:14.825": 237.4693882315496,
    "17:06:32.672": 2325.564883578891,
    "18:05:39.209": 222.06436448888599,
    "18:06:44.464": 44.617952241311286,
    "18:34:20.301": 41.272307677973004,
    "19:00:17.448": 38.77894113347884,
    "19:04:51.601": 40.50722850175771,
    "19:28:15.244": 44.00685076822447,
    "19:42:30.575": 41.478163173551366,
    "19:46:21.070": 110.92660125680413,
    "19:06:20.312": 363.6930242885992,
    "19:09:48.664": 363.70351022537125,
    "19:15:39.214": 246.2786000613023,
    "19:27:42.902": 226.5983889391855,
    "19:44:53.826": 269.5125188079728,
    "19:49:49.904": 269.5274198760171,
    "19:47:49.073": 201.7989907899082,
    "20:06:27.585": 199.28354858905095,
    "20:06:59.997": 39.837626539310804,
    "20:11:34.254": 75.85571556865943,
    "18:51:20.632": 206.77192659366938,
    "18:41:06.710": 261.6047033324712,
    "18:37:51.413": 947.3908025084747,
    "18:39:41.618": 1126.5605351016466,
    "20:31:07.608": 77.62925803248254,
    "20:32:46.980": 300.51793585210726,
    "20:36:37.326": 321.10340656833887,
    "20:40:38.821": 401.6965820828482,
    "20:43:12.607": 488.2860577567726,
    "20:45:24.668": 642.596787928489,
    "20:55:49.553": 586.907318039569,
    "21:02:02.495": 620.3586389670181,
    "20:51:04.764": 693.191354012245,
    "20:52:50.763": 3091.7679472266545,
    "20:55:23.884": 2959.759937311268,
    "21:04:47.861": 908.4012512911277,
    "21:04:14.511": 760.0962034327804,
    "21:16:40.849": 976.159482513327,
    "21:22:09.820": 974.4615491725453,
    "21:19:57.749": 816.7218388347219,
    "21:24:31.970": 840.7384972826967,
    "21:30:00.711": 763.6030002875641,
    "21:30:44.057": 593.8706896309122,
    "21:34:23.203": 537.3035547183317,
    "21:38:02.972": 685.6179847306321,
    "21:46:37.972": 555.3426773147985,
    "21:50:39.218": 554.4975738842722,
    "21:51:23.628": 733.6639951289899,
    "21:54:18.933": 684.8098580245114,
    "22:00:43.099": 803.1289899545145,
    "22:09:40.122": 702.858362774934,
    "22:05:28.269": 822.0027300447382,
    "22:14:14.932": 920.6124006079444,
    "22:14:03.551": 784.3098871137881,
    "22:23:55.526": 724.3325363430085,
    "22:18:58.817": 517.7215802670271,
    "22:22:26.955": 447.43797279860974,
    "22:25:55.936": 654.044513743318,
    "22:31:24.805": 618.9140237829943,
    "22:35:58.817": 574.3510789088323,
    "22:29:02.038": 549.4700008310128,
    "22:42:22.468": 523.7929376580732,