{
    "00:30": 2.486187845303867,
    "01:00": 2.302025782688766,
    "01:30": 2.2099447513812187,
    "02:00": 2.2099447513812187,
    "02:30": 2.117863720073668,
    "03:00": 10.681399631675877,
    "03:30": 1.887661141804788,
    "04:00": 1.7955801104972373,
    "04:30": 1.7955801104972373,
    "05:00": 1.887661141804788,
    "05:30": 2.2099447513812187,
    "06:00": 2.3941068139963164,
    "06:30": 2.486187845303867,
    "07:00": 2.808471454880298,
    "07:30": 3.222836095764272,
    "08:00": 3.4990791896869275,
    "08:30": 4.097605893186007,
    "09:00": 4.32780847145488,
    "09:30": 4.65009208103131,
    "10:00": 4.834254143646408,
    "10:30": 5.064456721915288,
    "11:00": 5.34069981583794,
    "11:30": 5.570902394106813,
    "12:00": 5.755064456721918,
    "12:30": 6.031307550644566,
    "13:00": 6.2615101289134465,
    "13:30": 6.399631675874772,
    "14:00": 6.537753222836098,
    "14:30": 6.629834254143649,
    "15:00": 6.721915285451196,
    "15:30": 6.721915285451196,
    "16:00": 6.721915285451196,
    "16:30": 6.537753222836098,
    "17:00": 6.353591160220997,
    "17:30": 6.123388581952117,
    "18:00": 5.801104972375693,
    "18:30": 5.524861878453038,
    "19:00": 5.018416206261509,
    "19:30": 4.604051565377535,
    "20:00": 4.32780847145488,
    "20:30": 4.097605893186007,
    "21:00": 3.9134438305709054,
    "21:30": 3.7292817679558006,
    "22:00": 3.5451197053406993,
    "22:30": 3.176795580110497,
    "23:00": 2.9926335174953955,
    "23:30": 2.808471454880298,
    "00:00": 2.624309392265193
}