{
    "12:00:00": 18.5,
    "12:00:10": 18.5,
    "12:00:20": 18.5,
    "12:00:30": 18.5,
    "12:00:40": 18.5,
    "12:00:50": 18.5,
    "12:01:00": 18.5,
    "12:01:10": 18.5,
    "12:01:20": 18.5,
    "12:01:30": 18.5,
    "12:01:40": 18.5,
    "12:01:50": 18.5,
    "12:02:00": 18.5,
    "12:02:10": 18.5,
    "12:02:20": 18.5,
    "12:02:30": 18.5,
    "12:02:40": 18.5,
    "12:02:50": 18.5,
    "12:03:00": 18.5,
    "12:03:10": 18.5,
    "12:03:20": 18.5,
    "12:03:30": 18.5,
    "12:03:40": 18.5,
    "12:03:50": 18.5,
    "12:04:00": 18.5,
    "12:04:10": 18.5,
    "12:04:20": 18.5,
    "12:04:30": 18.5,
    "12:04:40": 18.5,
    "12:04:50": 18.5,
    "12:05:00": 18.5,
    "12:05:10": 18.5,
    "12:05:20": 18.5,
    "12:05:30": 18.5,
    "12:05:40": 18.5,
    "12:05:50": 18.5,
    "12:06:00": 18.5,
    "12:06:10": 18.5,
    "12:06:20": 18.5,
    "12:06:30": 18.5,
    "12:06:40": 18.5,
    "12:06:50": 18.5,
    "12:07:00": 18.5,
    "12:07:10": 18.5,
    "12:07:20": 18.5,
    "12:07:30": 18.5,
    "12:07:40": 18.5,
    "12:07:50": 18.5,
    "12:08:00": 18.5,
    "12:08:10": 18.5,
    "12:08:20": 18.5,
    "12:08:30": 18.5,
    "12:08:40": 18.5,
    "12:08:50": 18.5,
    "12:09:00": 18.5,
    "12:09:10": 18.5,
    "12:09:20": 18.5,
    "12:09:30": 18.5,
    "12:09:40": 18.5,
    "12:09:50": 18.5,
    "12:10:00": 18.43846153846154,
    "12:10:10": 18.43846153846154,
    "12:10:20": 18.472649572649573,
    "12:10:30": 18.545299145299147,
    "12:10:40": 18.51111111111111,
    "12:10:50": 18.532478632478632,
    "12:11:00": 18.532478632478632,
    "12:11:10": 18.5025641025641,
    "12:11:20": 18.408547008547007,
    "12:11:30": 18.344444444444445,
    "12:11:40": 18.387179487179488,
    "12:11:50": 18.404273504273505,
    "12:12:00": 18.558119658119658,
    "12:12:10": 18.707692307692305,
    "12:12:20": 18.852991452991454,
    "12:12:30": 18.976923076923075,
    "12:12:40": 19.045299145299143,
    "12:12:50": 19.092307692307692,
    "12:13:00": 19.04957264957265,
    "12:13:10": 19.015384615384615,
    "12:13:20": 18.972649572649573,
    "12:13:30": 18.912820512820513,
    "12:13:40": 18.857264957264956,
    "12:13:50": 18.84444444444444,
    "12:14:00": 18.835897435897436,
    "12:14:10": 18.784615384615385,
    "12:14:20": 18.784615384615385,
    "12:14:30": 18.925641025641024,
    "12:14:40": 18.972649572649573,
    "12:14:50": 19.019658119658118,
    "12:15:00": 19.006837606837607,
    "12:15:10": 19.032478632478632,
    "12:15:20": 18.93846153846154,
    "12:15:30": 18.874358974358973,
    "12:15:40": 18.959829059829058,
    "12:15:50": 19.032478632478632,
    "12:16:00": 19.105128205128203,
    "12:16:10": 19.246153846153845,
    "12:16:20": 19.38290598290598,
    "12:16:30": 19.44273504273504
}