{
    "12:00:00": 17.5,
    "12:00:10": 17.5,
    "12:00:20": 17.5,
    "12:00:30": 17.5,
    "12:00:40": 17.5,
    "12:00:50": 17.5,
    "12:01:00": 17.5,
    "12:01:10": 17.5,
    "12:01:20": 17.5,
    "12:01:30": 17.5,
    "12:01:40": 17.5,
    "12:01:50": 17.5,
    "12:02:00": 17.5,
    "12:02:10": 17.5,
    "12:02:20": 17.5,
    "12:02:30": 17.5,
    "12:02:40": 17.5,
    "12:02:50": 17.5,
    "12:03:00": 17.5,
    "12:03:10": 17.5,
    "12:03:20": 17.5,
    "12:03:30": 17.5,
    "12:03:40": 17.5,
    "12:03:50": 17.5,
    "12:04:00": 17.5,
    "12:04:10": 17.5,
    "12:04:20": 17.5,
    "12:04:30": 17.5,
    "12:04:40": 17.5,
    "12:04:50": 17.5,
    "12:05:00": 17.5,
    "12:05:10": 17.5,
    "12:05:20": 17.5,
    "12:05:30": 17.5,
    "12:05:40": 17.5,
    "12:05:50": 17.5,
    "12:06:00": 17.5,
    "12:06:10": 17.5,
    "12:06:20": 17.5,
    "12:06:30": 17.5,
    "12:06:40": 17.5,
    "12:06:50": 17.5,
    "12:07:00": 17.5,
    "12:07:10": 17.5,
    "12:07:20": 17.5,
    "12:07:30": 17.5,
    "12:07:40": 17.5,
    "12:07:50": 17.5,
    "12:08:00": 17.5,
    "12:08:10": 17.5,
    "12:08:20": 17.5,
    "12:08:30": 17.5,
    "12:08:40": 17.5,
    "12:08:50": 17.5,
    "12:09:00": 17.5,
    "12:09:10": 17.5,
    "12:09:20": 17.5,
    "12:09:30": 17.5,
    "12:09:40": 17.5,
    "12:09:50": 17.5,
    "12:10:00": 17.43846153846154,
    "12:10:10": 17.43846153846154,
    "12:10:20": 17.472649572649573,
    "12:10:30": 17.545299145299147,
    "12:10:40": 17.51111111111111,
    "12:10:50": 17.532478632478632,
    "12:11:00": 17.532478632478632,
    "12:11:10": 17.5025641025641,
    "12:11:20": 17.408547008547007,
    "12:11:30": 17.344444444444445,
    "12:11:40": 17.387179487179488,
    "12:11:50": 17.404273504273505,
    "12:12:00": 17.558119658119658,
    "12:12:10": 17.707692307692305,
    "12:12:20": 17.852991452991454,
    "12:12:30": 17.976923076923075,
    "12:12:40": 18.045299145299143,
    "12:12:50": 18.092307692307692,
    "12:13:00": 18.04957264957265,
    "12:13:10": 18.015384615384615,
    "12:13:20": 17.972649572649573,
    "12:13:30": 17.912820512820513,
    "12:13:40": 17.857264957264956,
    "12:13:50": 17.84444444444444,
    "12:14:00": 17.835897435897436,
    "12:14:10": 17.784615384615385,
    "12:14:20": 17.784615384615385,
    "12:14:30": 17.925641025641024,
    "12:14:40": 17.972649572649573,
    "12:14:50": 18.019658119658118,
    "12:15:00": 18.006837606837607,
    "12:15:10": 18.032478632478632,
    "12:15:20": 17.93846153846154,
    "12:15:30": 17.874358974358973,
    "12:15:40": 17.959829059829058,
    "12:15:50": 18.032478632478632,
    "12:16:00": 18.105128205128203,
    "12:16:10": 18.246153846153845,
    "12:16:20": 18.38290598290598,
    "12:16:30": 18.44273504273504
}